obs;cons;price;gdpc1;dq1;dq2;dq3;dq4;covid;lc;lp;ly;time;lc_1;lc_2;lc_3;ly_1;ly_2;ly_3;ly_4;ly_5;ly_6;lp_1;lp_2
1991Q2;7262,366667;NA;9347,6;0;1;0;0;0;8,890461042;NA;9,142874905;1;NA;NA;NA;NA;NA;NA;NA;NA;NA;NA;NA
1991Q3;7421,716667;NA;9394,83;0;0;1;0;0;8,912165666;NA;9,147914817;2;8,890461042;NA;NA;9,142874905;NA;NA;NA;NA;NA;NA;NA
1991Q4;7194,95;NA;9427,58;0;0;0;1;0;8,88113467;NA;9,151394715;3;8,912165666;8,890461042;NA;9,147914817;9,142874905;NA;NA;NA;NA;NA;NA
1992Q1;6940,383333;NA;9540,44;1;0;0;0;0;8,845112287;NA;9,163294885;4;8,88113467;8,912165666;8,890461042;9,151394715;9,147914817;9,142874905;NA;NA;NA;NA;NA
1992Q2;7312,733333;NA;9643,89;0;1;0;0;0;8,8973724;NA;9,174079833;5;8,845112287;8,88113467;8,912165666;9,163294885;9,151394715;9,147914817;9,142874905;NA;NA;NA;NA
1992Q3;7530,55;NA;9739,18;0;0;1;0;0;8,926723359;NA;9,183912204;6;8,8973724;8,845112287;8,88113467;9,174079833;9,163294885;9,151394715;9,147914817;9,142874905;NA;NA;NA
1992Q4;7297,983333;NA;9840,75;0;0;0;1;0;8,895353333;NA;9,194287207;7;8,926723359;8,8973724;8,845112287;9,183912204;9,174079833;9,163294885;9,151394715;9,147914817;9,142874905;NA;NA
1993Q1;7070,333333;NA;9857,18;1;0;0;0;0;8,863662905;NA;9,195955403;8;8,895353333;8,926723359;8,8973724;9,194287207;9,183912204;9,174079833;9,163294885;9,151394715;9,147914817;NA;NA
1993Q2;7405,516667;1,091666667;9914,57;0;1;0;0;0;8,909980497;0,08770558;9,201760671;9;8,863662905;8,895353333;8,926723359;9,195955403;9,194287207;9,183912204;9,174079833;9,163294885;9,151394715;NA;NA
1993Q3;7726,4;1,063333333;9961,87;0;0;1;0;0;8,952398315;0,061408628;9,206520084;10;8,909980497;8,863662905;8,895353333;9,201760671;9,195955403;9,194287207;9,183912204;9,174079833;9,163294885;0,08770558;NA
1993Q4;7564,683333;1,057333333;10097,4;0;0;0;1;0;8,931245766;0,055750015;9,220033244;11;8,952398315;8,909980497;8,863662905;9,206520084;9,201760671;9,195955403;9,194287207;9,183912204;9,174079833;0,061408628;0,08770558
1994Q1;7169,416667;1,005;10195,3;1;0;0;0;0;8,877579573;0,004987542;9,229682109;12;8,931245766;8,952398315;8,909980497;9,220033244;9,206520084;9,201760671;9,195955403;9,194287207;9,183912204;0,055750015;0,061408628
1994Q2;7576,933333;1,050666667;10333,5;0;1;0;0;0;8,932863823;0,049424883;9,243146324;13;8,877579573;8,931245766;8,952398315;9,229682109;9,220033244;9,206520084;9,201760671;9,195955403;9,194287207;0,004987542;0,055750015
1994Q3;7731,916667;1,135;10393,9;0;0;1;0;0;8,953112063;0,126632651;9,248974375;14;8,932863823;8,877579573;8,931245766;9,243146324;9,229682109;9,220033244;9,206520084;9,201760671;9,195955403;0,049424883;0,004987542
1994Q4;7782,816667;1,120666667;10513;0;0;0;1;0;8,959673591;0,113923746;9,260367866;15;8,953112063;8,932863823;8,877579573;9,248974375;9,243146324;9,229682109;9,220033244;9,206520084;9,201760671;0,126632651;0,049424883
1995Q1;7435,45;1,123;10550,3;1;0;0;0;0;8,914014382;0,116003676;9,263909575;16;8,959673591;8,953112063;8,932863823;9,260367866;9,248974375;9,243146324;9,229682109;9,220033244;9,206520084;0,113923746;0,126632651
1995Q2;7963,283333;1,207;10581,7;0;1;0;0;0;8,982596673;0,188137942;9,266881373;17;8,914014382;8,959673591;8,953112063;9,263909575;9,260367866;9,248974375;9,243146324;9,229682109;9,220033244;0,116003676;0,113923746
1995Q3;8049,083333;1,176333333;10671,7;0;0;1;0;0;8,993313492;0,162402256;9,275350657;18;8,982596673;8,914014382;8,959673591;9,266881373;9,263909575;9,260367866;9,248974375;9,243146324;9,229682109;0,188137942;0,116003676
1995Q4;7834,05;1,120333333;10744,2;0;0;0;1;0;8,966234897;0,11362626;9,282121353;19;8,993313492;8,982596673;8,914014382;9,275350657;9,266881373;9,263909575;9,260367866;9,248974375;9,243146324;0,162402256;0,188137942
1996Q1;7607,666667;1,152;10824,7;1;0;0;0;0;8,93691179;0,141499562;9,289585839;20;8,966234897;8,993313492;8,982596673;9,282121353;9,275350657;9,266881373;9,263909575;9,260367866;9,248974375;0,11362626;0,162402256
1996Q2;7870,633333;1,299666667;11005,2;0;1;0;0;0;8,970893813;0,262107821;9,306123167;21;8,93691179;8,966234897;8,993313492;9,289585839;9,282121353;9,275350657;9,266881373;9,263909575;9,260367866;0,141499562;0,11362626
1996Q3;7970,216667;1,256666667;11103,9;0;0;1;0;0;8,983466957;0,228462713;9,315051677;22;8,970893813;8,93691179;8,966234897;9,306123167;9,289585839;9,282121353;9,275350657;9,266881373;9,263909575;0,262107821;0,141499562
1996Q4;7868,55;1,269666667;11219,2;0;0;0;1;0;8,97062908;0,238754399;9,325381875;23;8,983466957;8,970893813;8,93691179;9,315051677;9,306123167;9,289585839;9,282121353;9,275350657;9,266881373;0,228462713;0,262107821
1997Q1;7515,333333;1,27;11291,7;1;0;0;0;0;8,924700657;0,2390169;9,331823222;24;8,97062908;8,983466957;8,970893813;9,325381875;9,315051677;9,306123167;9,289585839;9,282121353;9,275350657;0,238754399;0,228462713
1997Q2;8043,266667;1,243666667;11479,3;0;1;0;0;0;8,992590581;0,218064006;9,348300692;25;8,924700657;8,97062908;8,983466957;9,331823222;9,325381875;9,315051677;9,306123167;9,289585839;9,282121353;0,2390169;0,238754399
1997Q3;8316,933333;1,254666667;11622,9;0;0;1;0;0;9,026048876;0,226869933;9,360732569;26;8,992590581;8,924700657;8,97062908;9,348300692;9,331823222;9,325381875;9,315051677;9,306123167;9,289585839;0,218064006;0,2390169
1997Q4;8082,65;1,211666667;11722,7;0;0;0;1;0;8,997475068;0,191996822;9,369282412;27;9,026048876;8,992590581;8,924700657;9,360732569;9,348300692;9,331823222;9,325381875;9,315051677;9,306123167;0,226869933;0,218064006
1998Q1;7854,35;1,097333333;11839,9;1;0;0;0;0;8,968822797;0,092882994;9,379230462;28;8,997475068;9,026048876;8,992590581;9,369282412;9,360732569;9,348300692;9,331823222;9,325381875;9,315051677;0,191996822;0,226869933
1998Q2;8272,516667;1,095;11949,5;0;1;0;0;0;9,020694055;0,090754363;9,388444715;29;8,968822797;8,997475068;9,026048876;9,379230462;9,369282412;9,360732569;9,348300692;9,331823222;9,325381875;0,092882994;0,191996822
1998Q3;8512,333333;1,069333333;12099,2;0;0;1;0;0;9,049271371;0,067035401;9,400894614;30;9,020694055;8,968822797;8,997475068;9,388444715;9,379230462;9,369282412;9,360732569;9,348300692;9,331823222;0,090754363;0,092882994
1998Q4;8242,283333;1,027333333;12294,7;0;0;0;1;0;9,017032688;0,026966448;9,416923554;31;9,049271371;9,020694055;8,968822797;9,400894614;9,388444715;9,379230462;9,369282412;9,360732569;9,348300692;0,067035401;0,090754363
1999Q1;8149,4;0,988;12410,8;1;0;0;0;0;9,005699584;-0,012072581;9,42632234;32;9,017032688;9,049271371;9,020694055;9,416923554;9,400894614;9,388444715;9,379230462;9,369282412;9,360732569;0,026966448;0,067035401
1999Q2;8383,65;1,165333333;12514,4;0;1;0;0;0;9,03403866;0,153007169;9,43463526;33;9,005699584;9,017032688;9,049271371;9,42632234;9,416923554;9,400894614;9,388444715;9,379230462;9,369282412;-0,012072581;0,026966448
1999Q3;8664,2;1,250666667;12680;0;0;1;0;0;9,066954872;0,223676742;9,447781228;34;9,03403866;9,005699584;9,017032688;9,43463526;9,42632234;9,416923554;9,400894614;9,388444715;9,379230462;0,153007169;-0,012072581
1999Q4;8447,75;1,296666667;12888,3;0;0;0;1;0;9,041655413;0,259796869;9,464075202;35;9,066954872;9,03403866;9,005699584;9,447781228;9,43463526;9,42632234;9,416923554;9,400894614;9,388444715;0,223676742;0,153007169
2000Q1;8080,65;1,433333333;12935,3;1;0;0;0;0;8,997227594;0,360002734;9,467715287;36;9,041655413;9,066954872;9,03403866;9,464075202;9,447781228;9,43463526;9,42632234;9,416923554;9,400894614;0,259796869;0,223676742
2000Q2;8594,9;1,566;13170,7;0;1;0;0;0;9,058924283;0,448524598;9,485749944;37;8,997227594;9,041655413;9,066954872;9,467715287;9,464075202;9,447781228;9,43463526;9,42632234;9,416923554;0,360002734;0,259796869
2000Q3;8604,866667;1,561666667;13183,9;0;0;1;0;0;9,060083214;0,445753627;9,486751667;38;9,058924283;8,997227594;9,041655413;9,485749944;9,467715287;9,464075202;9,447781228;9,43463526;9,42632234;0,448524598;0,360002734
2000Q4;8503,05;1,537;13262,2;0;0;0;1;0;9,048180202;0,429832465;9,492673162;39;9,060083214;9,058924283;8,997227594;9,486751667;9,485749944;9,467715287;9,464075202;9,447781228;9,43463526;0,445753627;0,448524598
2001Q1;8153,666667;1,475666667;13219,3;1;0;0;0;0;9,006223003;0,389109865;9,489433162;40;9,048180202;9,060083214;9,058924283;9,492673162;9,486751667;9,485749944;9,467715287;9,464075202;9,447781228;0,429832465;0,445753627
2001Q2;8571,05;1,662333333;13301,4;0;1;0;0;0;9,056145525;0,508222238;9,495624572;41;9,006223003;9,048180202;9,060083214;9,489433162;9,492673162;9,486751667;9,485749944;9,467715287;9,464075202;0,389109865;0,429832465
2001Q3;8760,166667;1,494666667;13248,1;0;0;1;0;0;9,07797021;0,401903217;9,491609425;42;9,056145525;9,006223003;9,048180202;9,495624572;9,489433162;9,492673162;9,486751667;9,485749944;9,467715287;0,508222238;0,389109865
2001Q4;8678;1,232;13284,9;0;0;0;1;0;9,068546366;0,208638865;9,494383331;43;9,07797021;9,056145525;9,006223003;9,491609425;9,495624572;9,489433162;9,492673162;9,486751667;9,485749944;0,401903217;0,508222238
2002Q1;8383,35;1,197333333;13394,9;1;0;0;0;0;9,034002875;0,180096862;9,502629316;44;9,068546366;9,07797021;9,056145525;9,494383331;9,491609425;9,495624572;9,489433162;9,492673162;9,486751667;0,208638865;0,401903217
2002Q2;8813,716667;1,432333333;13477,4;0;1;0;0;0;9,084064499;0,359304816;9,508769488;45;9,034002875;9,068546366;9,07797021;9,502629316;9,494383331;9,491609425;9,495624572;9,489433162;9,492673162;0,180096862;0,208638865
2002Q3;8978,266667;1,439;13531,7;0;0;1;0;0;9,102562121;0,363948428;9,51279036;46;9,084064499;9,034002875;9,068546366;9,508769488;9,502629316;9,494383331;9,491609425;9,495624572;9,489433162;0,359304816;0,180096862
2002Q4;8888,5;1,458666667;13549,4;0;0;0;1;0;9,092513585;0,377522776;9,514097545;47;9,102562121;9,084064499;9,034002875;9,51279036;9,508769488;9,502629316;9,494383331;9,491609425;9,495624572;0,363948428;0,359304816
2003Q1;8529,5;1,629666667;13619,4;1;0;0;0;0;9,051286022;0,488375495;9,519250526;48;9,092513585;9,102562121;9,084064499;9,514097545;9,51279036;9,508769488;9,502629316;9,494383331;9,491609425;0,377522776;0,363948428
2003Q2;8794,916667;1,568333333;13741,1;0;1;0;0;0;9,081929182;0,450013484;9,528146621;49;9,051286022;9,092513585;9,102562121;9,519250526;9,514097545;9,51279036;9,508769488;9,502629316;9,494383331;0,488375495;0,377522776
2003Q3;9156,683333;1,645333333;13970,2;0;0;1;0;0;9,122239311;0,497942998;9,544681769;50;9,081929182;9,051286022;9,092513585;9,528146621;9,519250526;9,514097545;9,51279036;9,508769488;9,502629316;0,450013484;0,488375495
2003Q4;9016,016667;1,561;14131,4;0;0;0;1;0;9,106757904;0,445326642;9,556154551;51;9,122239311;9,081929182;9,051286022;9,544681769;9,528146621;9,519250526;9,514097545;9,51279036;9,508769488;0,497942998;0,450013484
2004Q1;8728,75;1,694;14212,3;1;0;0;0;0;9,074377454;0,527092596;9,561863066;52;9,106757904;9,122239311;9,081929182;9,556154551;9,544681769;9,528146621;9,519250526;9,514097545;9,51279036;0,445326642;0,497942998
2004Q2;9179,566667;1,958333333;14323;0;1;0;0;0;9,124735278;0,672093771;9,569621916;53;9,074377454;9,106757904;9,122239311;9,561863066;9,556154551;9,544681769;9,528146621;9,519250526;9,514097545;0,527092596;0,445326642
2004Q3;9265,566667;1,928666667;14457,8;0;0;1;0;0;9,134060299;0,656828918;9,57898934;54;9,124735278;9,074377454;9,106757904;9,569621916;9,561863066;9,556154551;9,544681769;9,528146621;9,519250526;0,672093771;0,527092596
2004Q4;9115,7;1,984;14605,6;0;0;0;1;0;9,117753481;0,685115009;9,589160296;55;9,134060299;9,124735278;9,074377454;9,57898934;9,569621916;9,561863066;9,556154551;9,544681769;9,528146621;0,656828918;0,672093771
2005Q1;8905,583333;1,982666667;14767,8;1;0;0;0;0;9,0944337;0,68444274;9,600204414;56;9,117753481;9,134060299;9,124735278;9,589160296;9,57898934;9,569621916;9,561863066;9,556154551;9,544681769;0,685115009;0,656828918
2005Q2;9296,183333;2,229333333;14839,7;0;1;0;0;0;9,137359201;0,801702587;9,605061301;57;9,0944337;9,117753481;9,134060299;9,600204414;9,589160296;9,57898934;9,569621916;9,561863066;9,556154551;0,68444274;0,685115009
2005Q3;9262;2,604333333;14956,3;0;0;1;0;0;9,133675287;0,957176724;9,612887895;58;9,137359201;9,0944337;9,117753481;9,605061301;9,600204414;9,589160296;9,57898934;9,569621916;9,561863066;0,801702587;0,68444274
2005Q4;9134,8;2,432333333;15041,2;0;0;0;1;0;9,119846575;0,888851016;9,618548382;59;9,133675287;9,137359201;9,0944337;9,612887895;9,605061301;9,600204414;9,589160296;9,57898934;9,569621916;0,957176724;0,801702587
2006Q1;8988,75;2,384666667;15244,1;1;0;0;0;0;9,103729074;0,869059352;9,631947822;60;9,119846575;9,133675287;9,137359201;9,618548382;9,612887895;9,605061301;9,600204414;9,589160296;9,57898934;0,888851016;0,957176724
2006Q2;9309,933333;2,89;15281,5;0;1;0;0;0;9,138837209;1,061256502;9,634398225;61;9,103729074;9,119846575;9,133675287;9,631947822;9,618548382;9,612887895;9,605061301;9,600204414;9,589160296;0,869059352;0,888851016
2006Q3;9506,633333;2,876666667;15304,5;0;0;1;0;0;9,15974508;1,056632216;9,635902182;62;9,138837209;9,103729074;9,119846575;9,634398225;9,631947822;9,618548382;9,612887895;9,605061301;9,600204414;1,061256502;0,869059352
2006Q4;9321,283333;2,309;15433,6;0;0;0;1;0;9,140055595;0,83681453;9,64430223;63;9,15974508;9,138837209;9,103729074;9,635902182;9,634398225;9,631947822;9,618548382;9,612887895;9,605061301;1,056632216;1,061256502
2007Q1;9161,583333;2,407;15479;1;0;0;0;0;9,122774296;0,878381159;9,647239546;64;9,140055595;9,15974508;9,138837209;9,64430223;9,635902182;9,634398225;9,631947822;9,618548382;9,612887895;0,83681453;1,056632216
2007Q2;9414,333333;3,06;15577,8;0;1;0;0;0;9,14998863;1,118414916;9,653602103;65;9,122774296;9,140055595;9,15974508;9,647239546;9,64430223;9,635902182;9,634398225;9,631947822;9,618548382;0,878381159;0,83681453
2007Q3;9517,3;2,898;15671,6;0;0;1;0;0;9,160866474;1,064020844;9,659605436;66;9,14998863;9,122774296;9,140055595;9,653602103;9,647239546;9,64430223;9,635902182;9,634398225;9,631947822;1,118414916;0,878381159
2007Q4;9305,533333;3,017;15767,1;0;0;0;1;0;9,138364484;1,10426296;9,66568077;67;9,160866474;9,14998863;9,122774296;9,659605436;9,653602103;9,647239546;9,64430223;9,635902182;9,634398225;1,064020844;1,118414916
2008Q1;9092,8;3,155333333;15702,9;1;0;0;0;0;9,115238171;1,149094143;9,661600688;68;9,138364484;9,160866474;9,14998863;9,66568077;9,659605436;9,653602103;9,647239546;9,64430223;9,635902182;1,10426296;1,064020844
2008Q2;9299,416667;3,809;15792,8;0;1;0;0;0;9,137706953;1,337366687;9,667309419;69;9,115238171;9,138364484;9,160866474;9,661600688;9,66568077;9,659605436;9,653602103;9,647239546;9,64430223;1,149094143;1,10426296
2008Q3;9226,616667;3,901;15709,6;0;0;1;0;0;9,129847702;1,361232931;9,662027269;70;9,137706953;9,115238171;9,138364484;9,667309419;9,661600688;9,66568077;9,659605436;9,653602103;9,647239546;1,337366687;1,149094143
2008Q4;8978,8;2,355;15366,6;0;0;0;1;0;9,102621522;0,856540727;9,639951602;71;9,129847702;9,137706953;9,115238171;9,662027269;9,667309419;9,661600688;9,66568077;9,659605436;9,653602103;1,361232931;1,337366687
2009Q1;8960,266667;1,942;15187,5;1;0;0;0;0;9,100555267;0,66371837;9,628228;72;9,102621522;9,129847702;9,137706953;9,639951602;9,662027269;9,667309419;9,661600688;9,66568077;9,659605436;0,856540727;1,361232931
2009Q2;9119,266667;2,366333333;15161,8;0;1;0;0;0;9,11814467;0,86134164;9,626534386;73;9,100555267;9,102621522;9,129847702;9,628228;9,639951602;9,662027269;9,667309419;9,661600688;9,66568077;0,66371837;0,856540727
2009Q3;9146,05;2,620333333;15216,6;0;0;1;0;0;9,121077371;0,963301536;9,630142216;74;9,11814467;9,100555267;9,102621522;9,626534386;9,628228;9,639951602;9,662027269;9,667309419;9,661600688;0,86134164;0,66371837
2009Q4;9022,2;2,658;15379,2;0;0;0;1;0;9,107443486;0,97757396;9,640771226;75;9,121077371;9,11814467;9,100555267;9,630142216;9,626534386;9,628228;9,639951602;9,662027269;9,667309419;0,963301536;0,86134164
2010Q1;8822,75;2,764;15456,1;1;0;0;0;0;9,085088892;1,016678906;9,645759026;76;9,107443486;9,121077371;9,11814467;9,640771226;9,630142216;9,626534386;9,628228;9,639951602;9,662027269;0,97757396;0,963301536
2010Q2;9220;2,858333333;15605,6;0;1;0;0;0;9,129130317;1,050238704;9,655385103;77;9,085088892;9,107443486;9,121077371;9,645759026;9,640771226;9,630142216;9,626534386;9,628228;9,639951602;1,016678906;0,97757396
2010Q3;9302,2;2,774;15726,3;0;0;1;0;0;9,13800621;1,020290322;9,663089749;78;9,129130317;9,085088892;9,107443486;9,655385103;9,645759026;9,640771226;9,630142216;9,626534386;9,628228;1,050238704;1,016678906
2010Q4;9045,333333;2,938;15808;0;0;0;1;0;9,11000425;1,077729078;9,66827142;79;9,13800621;9,129130317;9,085088892;9,663089749;9,655385103;9,645759026;9,640771226;9,630142216;9,626534386;1,020290322;1,050238704
2011Q1;8861,166667;3,342333333;15769,9;1;0;0;0;0;9,089433713;1,206669166;9,665858339;80;9,11000425;9,13800621;9,129130317;9,66827142;9,663089749;9,655385103;9,645759026;9,640771226;9,630142216;1,077729078;1,020290322
2011Q2;9132,716667;3,849;15876,8;0;1;0;0;0;9,119618483;1,347813374;9,672614203;81;9,089433713;9,11000425;9,13800621;9,665858339;9,66827142;9,663089749;9,655385103;9,645759026;9,640771226;1,206669166;1,077729078
2011Q3;9066,55;3,689333333;15870,7;0;0;1;0;0;9,112347096;1,305445773;9,672229921;82;9,119618483;9,089433713;9,11000425;9,672614203;9,665858339;9,66827142;9,663089749;9,655385103;9,645759026;1,347813374;1,206669166
2011Q4;8680,2;3,425;16048,7;0;0;0;1;0;9,068799849;1,231101472;9,683383128;83;9,112347096;9,119618483;9,089433713;9,672229921;9,672614203;9,665858339;9,66827142;9,663089749;9,655385103;1,305445773;1,347813374
2012Q1;8293,933333;3,662333333;16180;1;0;0;0;0;9,023279603;1,298100467;9,691531191;84;9,068799849;9,112347096;9,119618483;9,683383128;9,672229921;9,672614203;9,665858339;9,66827142;9,663089749;1,231101472;1,305445773
2012Q2;8791,45;3,781666667;16253,7;0;1;0;0;0;9,081534937;1,33016483;9,696075854;85;9,023279603;9,068799849;9,112347096;9,691531191;9,683383128;9,672229921;9,672614203;9,665858339;9,66827142;1,298100467;1,231101472
2012Q3;8844,183333;3,729333333;16282,2;0;0;1;0;0;9,087515271;1,316229487;9,697827766;86;9,081534937;9,023279603;9,068799849;9,696075854;9,691531191;9,683383128;9,672229921;9,672614203;9,665858339;1,33016483;1,298100467
2012Q4;8600,016667;3,571333333;16300;0;0;0;1;0;9,05951942;1,272939009;9,698920387;87;9,087515271;9,081534937;9,023279603;9,697827766;9,696075854;9,691531191;9,683383128;9,672229921;9,672614203;1,316229487;1,33016483
2013Q1;8408,716667;3,635333333;16441,5;1;0;0;0;0;9,037024145;1,290700808;9,707563905;88;9,05951942;9,087515271;9,081534937;9,698920387;9,697827766;9,696075854;9,691531191;9,683383128;9,672229921;1,272939009;1,316229487
2013Q2;8698,683333;3,667333333;16464,4;0;1;0;0;0;9,070926952;1,299464786;9,708955753;89;9,037024145;9,05951942;9,087515271;9,707563905;9,698920387;9,697827766;9,696075854;9,691531191;9,683383128;1,290700808;1,272939009
2013Q3;8980,983333;3,636666667;16594,7;0;0;1;0;0;9,102864658;1,291067511;9,716838646;90;9,070926952;9,037024145;9,05951942;9,708955753;9,707563905;9,698920387;9,697827766;9,696075854;9,691531191;1,299464786;1,290700808
2013Q4;8935,916667;3,366333333;16712,8;0;0;0;1;0;9,097834015;1,21382412;9,723930172;91;9,102864658;9,070926952;9,037024145;9,716838646;9,708955753;9,707563905;9,698920387;9,697827766;9,696075854;1,291067511;1,299464786
2014Q1;8465,75;3,477333333;16654,2;1;0;0;0;0;9,043783891;1,246265717;9,720417716;92;9,097834015;9,102864658;9,070926952;9,723930172;9,716838646;9,708955753;9,707563905;9,698920387;9,697827766;1,21382412;1,291067511
2014Q2;8916,366667;3,750333333;16868,1;0;1;0;0;0;9,095643818;1,321844725;9,733179543;93;9,043783891;9,097834015;9,102864658;9,720417716;9,723930172;9,716838646;9,708955753;9,707563905;9,698920387;1,246265717;1,21382412
2014Q3;8921,483333;3,579;17064,6;0;0;1;0;0;9,096217505;1,275083432;9,744761421;94;9,095643818;9,043783891;9,097834015;9,733179543;9,720417716;9,723930172;9,716838646;9,708955753;9,707563905;1,321844725;1,246265717
2014Q4;9131,2;2,961333333;17141,2;0;0;0;1;0;9,1194524;1,085639617;9,749240201;95;9,096217505;9,095643818;9,043783891;9,744761421;9,733179543;9,720417716;9,723930172;9,716838646;9,708955753;1,275083432;1,321844725
2015Q1;8805,35;2,351666667;17280,6;1;0;0;0;0;9,08311477;0,855124297;9,757339764;96;9,1194524;9,096217505;9,095643818;9,749240201;9,744761421;9,733179543;9,720417716;9,723930172;9,716838646;1,085639617;1,275083432
2015Q2;9213,183333;2,747333333;17380,9;0;1;0;0;0;9,128390708;1,010630744;9,763127181;97;9,08311477;9,1194524;9,096217505;9,757339764;9,749240201;9,744761421;9,733179543;9,720417716;9,723930172;0,855124297;1,085639617
2015Q3;9368,566667;2,689333333;17437,1;0;0;1;0;0;9,145115393;0,989293331;9,766355399;98;9,128390708;9,08311477;9,1194524;9,763127181;9,757339764;9,749240201;9,744761421;9,733179543;9,720417716;1,010630744;0,855124297
2015Q4;9207,266667;2,263666667;17462,6;0;0;0;1;0;9,127748306;0,816985917;9,76781673;99;9,145115393;9,128390708;9,08311477;9,766355399;9,763127181;9,757339764;9,749240201;9,744761421;9,733179543;0,989293331;1,010630744
2016Q1;9087,833333;2;17565,5;1;0;0;0;0;9,114691802;0,693147181;9,77369203;100;9,127748306;9,145115393;9,128390708;9,76781673;9,766355399;9,763127181;9,757339764;9,749240201;9,744761421;0,816985917;0,989293331
2016Q2;9599,45;2,351333333;17618,6;0;1;0;0;0;9,169461084;0,854982543;9,776710441;101;9,114691802;9,127748306;9,145115393;9,77369203;9,76781673;9,766355399;9,763127181;9,757339764;9,749240201;0,693147181;0,816985917
2016Q3;9603,816667;2,318666667;17724,5;0;0;1;0;0;9,169915868;0,840992308;9,782703142;102;9,169461084;9,114691802;9,127748306;9,776710441;9,77369203;9,76781673;9,766355399;9,763127181;9,757339764;0,854982543;0,693147181
2016Q4;9062,783333;2,34;17812,6;0;0;0;1;0;9,111931563;0,850150929;9,787661351;103;9,169915868;9,169461084;9,114691802;9,782703142;9,776710441;9,77369203;9,76781673;9,766355399;9,763127181;0,840992308;0,854982543
2017Q1;8733,65;2,437;17896,6;1;0;0;0;0;9,07493866;0,890767775;9,79236603;104;9,111931563;9,169915868;9,169461084;9,787661351;9,782703142;9,776710441;9,77369203;9,76781673;9,766355399;0,850150929;0,840992308
2017Q2;9446,833333;2,497;17996,8;0;1;0;0;0;9,153434867;0,915090011;9,797949243;105;9,07493866;9,111931563;9,169915868;9,79236603;9,787661351;9,782703142;9,776710441;9,77369203;9,76781673;0,890767775;0,850150929
2017Q3;9618,65;2,556333333;18126,2;0;0;1;0;0;9,171459201;0,93857394;9,805113684;106;9,153434867;9,07493866;9,111931563;9,797949243;9,79236603;9,787661351;9,782703142;9,776710441;9,77369203;0,915090011;0,890767775
2017Q4;9234,633333;2,631;18296,7;0;0;0;1;0;9,130716188;0,967364002;9,814475995;107;9,171459201;9,153434867;9,07493866;9,805113684;9,797949243;9,79236603;9,787661351;9,782703142;9,776710441;0,93857394;0,915090011
2018Q1;9048,033333;2,695;18436,3;1;0;0;0;0;9,110302702;0,991398204;9,822076826;108;9,130716188;9,171459201;9,153434867;9,814475995;9,805113684;9,797949243;9,79236603;9,787661351;9,782703142;0,967364002;0,93857394
2018Q2;9517,65;2,943333333;18590;0;1;0;0;0;9,160903249;1,079542726;9,830379081;109;9,110302702;9,130716188;9,171459201;9,822076826;9,814475995;9,805113684;9,797949243;9,79236603;9,787661351;0,991398204;0,967364002
2018Q3;9527,85;2,919;18679,6;0;0;1;0;0;9,161974368;1,071241092;9,835187298;110;9,160903249;9,110302702;9,130716188;9,830379081;9,822076826;9,814475995;9,805113684;9,797949243;9,79236603;1,079542726;0,991398204
2018Q4;9127,4;2,712;18721,3;0;0;0;1;0;9,119036158;0,99768637;9,837417192;111;9,161974368;9,160903249;9,110302702;9,835187298;9,830379081;9,822076826;9,814475995;9,805113684;9,797949243;1,071241092;1,079542726
2019Q1;8993,9;2,441666667;18833,2;1;0;0;0;0;9,104301849;0,892680866;9,843376549;112;9,119036158;9,161974368;9,160903249;9,837417192;9,835187298;9,830379081;9,822076826;9,814475995;9,805113684;0,99768637;1,071241092
2019Q2;9537,7;2,877;18982,5;0;1;0;0;0;9,163007645;1,056748085;9,851272781;113;9,104301849;9,119036158;9,161974368;9,843376549;9,837417192;9,835187298;9,830379081;9,822076826;9,814475995;0,892680866;0,99768637
2019Q3;9524,416667;2,737;19112,7;0;0;1;0;0;9,161613956;1,00686243;9,858108315;114;9,163007645;9,104301849;9,119036158;9,851272781;9,843376549;9,837417192;9,835187298;9,830379081;9,822076826;1,056748085;0,892680866
2019Q4;9288,35;2,687333333;19202,3;0;0;0;1;0;9,136516206;0,988549376;9,862785343;115;9,161613956;9,163007645;9,104301849;9,858108315;9,851272781;9,843376549;9,837417192;9,835187298;9,830379081;1,00686243;1,056748085
2020Q1;8747,1;2,499333333;18952;1;0;0;0;0;9,076477496;0,91602403;9,849664746;116;9,136516206;9,161613956;9,163007645;9,862785343;9,858108315;9,851272781;9,843376549;9,837417192;9,835187298;0,988549376;1,00686243
2020Q2;6898,266667;2,023;17258,2;0;1;0;0;1;8,839025451;0,704581558;9,756042672;117;9,076477496;9,136516206;9,161613956;9,849664746;9,862785343;9,858108315;9,851272781;9,843376549;9,837417192;0,91602403;0,988549376
2020Q3;8673,666667;2,272666667;18560,8;0;0;1;0;0;9,068046895;0,820953885;9,828807109;118;8,839025451;9,076477496;9,136516206;9,756042672;9,849664746;9,862785343;9,858108315;9,851272781;9,843376549;0,704581558;0,91602403
2020Q4;8246,716667;2,244;18767,8;0;0;0;1;0;9,01757042;0,808259988;9,839897914;119;9,068046895;8,839025451;9,076477496;9,828807109;9,756042672;9,849664746;9,862785343;9,858108315;9,851272781;0,820953885;0,704581558
2021Q1;8103,7;2,635;19055,7;1;0;0;0;0;9,000076026;0,968883182;9,855121548;120;9,01757042;9,068046895;8,839025451;9,839897914;9,828807109;9,756042672;9,849664746;9,862785343;9,858108315;0,808259988;0,820953885
2021Q2;9063,166667;3,060333333;19368,3;0;1;0;0;0;9,11197386;1,118523842;9,871392988;121;9,000076026;9,01757042;9,068046895;9,855121548;9,839897914;9,828807109;9,756042672;9,849664746;9,862785343;0,968883182;0,808259988
2021Q3;9407,066667;3,252666667;19478,9;0;0;1;0;0;9,149216459;1,179475173;9,877087107;122;9,11197386;9,000076026;9,01757042;9,871392988;9,855121548;9,839897914;9,828807109;9,756042672;9,849664746;1,118523842;0,968883182
2021Q4;9211,9;3,427;19806;0;0;0;1;0;9,128251405;1,231685243;9,893740201;123;9,149216459;9,11197386;9,000076026;9,877087107;9,871392988;9,855121548;9,839897914;9,828807109;9,756042672;1,179475173;1,118523842
2022Q1;8583,25;3,782;NA;1;0;0;0;0;9,057567909;1,33025297;NA;124;9,128251405;9,149216459;9,11197386;9,893740201;9,877087107;9,871392988;9,855121548;9,839897914;9,828807109;1,231685243;1,179475173
